name,location,website,accredited_through,also_aam_accredited,section
Abilene Zoological Gardens,Texas,https://abilenezoo.org/,March 2029,True,Accredited Zoo/Aquarium
Adventure Aquarium,N.J.,https://www.adventureaquarium.com/,March 2030,False,Accredited Zoo/Aquarium
Africam Safari Park,Mexico,https://africamsafari.com/,March 2027,False,Accredited Zoo/Aquarium
Akron Zoological Park,Ohio,https://www.akronzoo.org/,September 2026,False,Accredited Zoo/Aquarium
Al Ain Zoo,United Arab Emirates,https://alainzoo.ae/,March 2030,False,Accredited Zoo/Aquarium
Alaska SeaLife Center,Alaska,https://www.alaskasealife.org/,September 2027,False,Accredited Zoo/Aquarium
Albuquerque Biological Park,N.M.,https://www.bioparksociety.org/main/abq-biopark/,September 2026,False,Accredited Zoo/Aquarium
Aquarium of Niagara,N.Y.,https://aquariumofniagara.org/,March 2030,False,Accredited Zoo/Aquarium
Aquarium of the Pacific,Calif.,https://www.aquariumofpacific.org/,March 2031,False,Accredited Zoo/Aquarium
Arizona-Sonora Desert Museum,Ariz.,https://www.desertmuseum.org/,March 2031,False,Accredited Zoo/Aquarium
Assiniboine Park Zoo,Canada,https://www.assiniboinepark.ca/,September 2030,False,Accredited Zoo/Aquarium
Atlantis Dubai,United Arab Emirates,https://www.atlantis.com/dubai/atlantis-aquaventure/lost-chambers-aquarium,March 2031,False,Accredited Zoo/Aquarium
"Atlantis, Paradise Island",Bahamas,https://www.atlantisbahamas.com/things-to-do/dolphin-cay,March 2028,False,Accredited Zoo/Aquarium
Audubon Aquarium & Insectarium,La.,https://audubonnatureinstitute.org/aquarium,March 2030,False,Accredited Zoo/Aquarium
Audubon Zoo,La.,https://audubonnatureinstitute.org/zoo,March 2029,False,Accredited Zoo/Aquarium
Bailey-Matthews National Shell Museum & Aquarium,Fla.,https://www.shellmuseum.org/,March 2028,True,Accredited Zoo/Aquarium
Baylor University Bear Habitat,Texas,https://bearhabitat.web.baylor.edu/,September 2026,False,Accredited Zoo/Aquarium
"Bermuda Aquarium, Museum and Zoo",Bermuda,https://bamz.org/,March 2030,False,Accredited Zoo/Aquarium
Binder Park Zoo,Mich.,https://binderparkzoo.org/,September 2030,False,Accredited Zoo/Aquarium
Birch Aquarium at Scripps,Calif.,https://aquarium.ucsd.edu/,March 2029,False,Accredited Zoo/Aquarium
Birmingham Zoo,Ala.,https://www.birminghamzoo.com/,March 2028,False,Accredited Zoo/Aquarium
Blank Park Zoo,Iowa,https://www.blankparkzoo.com/,September 2029,False,Accredited Zoo/Aquarium
Boonshoft Museum of Discovery,Ohio,https://boonshoft.org/,March 2027,True,Accredited Zoo/Aquarium
Brandywine Zoo,Del.,https://brandywinezoo.org/,September 2027,False,Accredited Zoo/Aquarium
BREC's Baton Rouge Zoo,La.,https://brzoo.org/,March 2029,False,Accredited Zoo/Aquarium
Brevard Zoo,Fla.,https://brevardzoo.org/,March 2029,False,Accredited Zoo/Aquarium
Bronx Zoo/WCS,N.Y.,https://bronxzoo.com/,September 2029,False,Accredited Zoo/Aquarium
Brookfield Zoo Chicago,Ill.,https://czs.org/BrookfieldZoo,September 2028,False,Accredited Zoo/Aquarium
Brookgreen Gardens,S.C.,https://www.brookgreen.org/low-country-zoo,September 2029,True,Accredited Zoo/Aquarium
Buffalo Zoo,N.Y.,https://buffalozoo.org/,September 2027,False,Accredited Zoo/Aquarium
Busch Gardens Tampa Bay,Fla.,https://buschgardens.com/tampa/zoo/animals/,March 2027,False,Accredited Zoo/Aquarium
Butterfly House,Mo.,https://www.missouribotanicalgarden.org/plan-your-visit/family-of-attractions/butterfly-house,March 2030,True,Accredited Zoo/Aquarium
Butterfly Pavilion,Colo.,https://butterflies.org/,March 2031,False,Accredited Zoo/Aquarium
Buttonwood Park Zoo,Mass.,https://www.bpzoo.org/,September 2029,False,Accredited Zoo/Aquarium
Cabrillo Marine Aquarium,Calif.,https://www.cabrillomarineaquarium.org/,March 2027,False,Accredited Zoo/Aquarium
Caldwell Zoo,Texas,https://caldwellzoo.org/,March 2031,False,Accredited Zoo/Aquarium
California Science Center,Calif.,https://californiasciencecenter.org/,March 2028,True,Accredited Zoo/Aquarium
Cameron Park Zoo,Texas,https://www.cameronparkzoo.com/,March 2027,False,Accredited Zoo/Aquarium
Cape May County Park Zoo,N.J.,https://www.capemaycountynj.gov/1008/Park-Zoo,September 2028,False,Accredited Zoo/Aquarium
Capron Park Zoo,Mass.,https://capronparkzoo.com/animal-collection/,September 2027,False,Accredited Zoo/Aquarium
Central Coast Zoo,Calif.,https://charlespaddockzoo.org/,March 2030,False,Accredited Zoo/Aquarium
Central Florida Zoo & Botanical Gardens,Fla.,https://www.centralfloridazoo.org/,March 2027,False,Accredited Zoo/Aquarium
Central Park Zoo,N.Y.,https://centralparkzoo.com/,September 2030,False,Accredited Zoo/Aquarium
Chattanooga Zoo at Warner Park,Tenn.,https://www.chattzoo.org/,September 2029,False,Accredited Zoo/Aquarium
Cheyenne Mountain Zoological Park,Colo.,https://www.cmzoo.org/,September 2026,False,Accredited Zoo/Aquarium
Cincinnati Zoo and Botanical Garden,Ohio,https://cincinnatizoo.org/,September 2030,False,Accredited Zoo/Aquarium
Cleveland Metroparks Zoo,Ohio,https://www.clevelandmetroparks.com/zoo,September 2030,False,Accredited Zoo/Aquarium
Clyde Peeling's Reptiland,Pa.,https://reptiland.com/,September 2029,False,Accredited Zoo/Aquarium
Columbus Zoo & Aquarium,Ohio,https://www.columbuszoo.org/,September 2028,False,Accredited Zoo/Aquarium
Como Park Zoo and Conservatory,Minn.,https://comozooconservatory.org/,September 2026,False,Accredited Zoo/Aquarium
Connecticut's Beardsley Zoo,Conn.,https://www.beardsleyzoo.org/,September 2029,False,Accredited Zoo/Aquarium
Cosley Zoo,Ill.,https://cosleyzoo.org/,September 2026,False,Accredited Zoo/Aquarium
CuriOdyssey,Calif.,https://curiodyssey.org/,March 2027,False,Accredited Zoo/Aquarium
Dakota Zoo,N.D.,https://www.dakotazoo.org/,September 2028,False,Accredited Zoo/Aquarium
Dallas World Aquarium,Texas,https://dwazoo.com/,March 2028,False,Accredited Zoo/Aquarium
Dallas Zoo,Texas,https://www.dallaszoo.com/#gref,March 2028,False,Accredited Zoo/Aquarium
David Traylor Zoo of Emporia,Kan.,https://www.emporiaks.gov/159/David-Traylor-Zoo,September 2027,False,Accredited Zoo/Aquarium
Denver Zoo Conservation Alliance,Colo.,https://denverzoo.org/,September 2028,False,Accredited Zoo/Aquarium
Detroit Zoological Society,Mich.,https://detroitzoo.org/,September 2027,False,Accredited Zoo/Aquarium
Dickerson Park Zoo,Mo.,https://dickersonparkzoo.org/,September 2028,False,Accredited Zoo/Aquarium
Discovery Cove,Fla.,https://discoverycove.com/orlando/,March 2031,False,Accredited Zoo/Aquarium
Disney's Animal Kingdom,Fla.,https://disneyworld.disney.go.com/destinations/animal-kingdom/,March 2031,False,Accredited Zoo/Aquarium
Dolphin Discovery Cozumel,Mexico,https://www.dolphindiscovery.com/cozumel/,March 2029,False,Accredited Zoo/Aquarium
Dolphin Discovery Isla Mujeres,Mexico,https://www.dolphindiscovery.com/cancun-islamujeres/,March 2029,False,Accredited Zoo/Aquarium
Elmwood Park Zoo,Pa.,https://www.elmwoodparkzoo.org/,September 2027,False,Accredited Zoo/Aquarium
Emirates Park Zoo,United Arab Emirates,https://www.emiratesparkzooandresort.com/,September 2028,False,Accredited Zoo/Aquarium
Everland Zoo,South Korea,https://www.everland.com/web/everland/favorite/zootopia/index.html,September 2030,False,Accredited Zoo/Aquarium
The Florida Aquarium,Fla.,https://www.flaquarium.org/,March 2030,False,Accredited Zoo/Aquarium
Fort Wayne Zoo,Ind.,https://fwzoo.com/,September 2029,False,Accredited Zoo/Aquarium
Fort Worth Zoo,Texas,https://www.fortworthzoo.org/,March 2029,False,Accredited Zoo/Aquarium
Fossil Rim Wildlife Center,Texas,https://fossilrim.org/,March 2030,False,Accredited Zoo/Aquarium
Franklin Park Zoo,Mass.,https://www.zoonewengland.org/franklin-park-zoo/,September 2030,False,Accredited Zoo/Aquarium
Fresno Chaffee Zoo,Calif.,https://www.fresnochaffeezoo.org/,March 2027,False,Accredited Zoo/Aquarium
Fundación Temaikèn,Argentina,https://www.temaiken.org.ar/bioparque,March 2028,False,Accredited Zoo/Aquarium
Georgia Aquarium,Ga.,https://www.georgiaaquarium.org/,March 2029,False,Accredited Zoo/Aquarium
Gladys Porter Zoo,Texas,http://gladysporterzoo.org/,September 2027,False,Accredited Zoo/Aquarium
Great Plains Zoo,S.D.,https://greatzoo.org/,September 2027,False,Accredited Zoo/Aquarium
Greensboro Science Center,N.C.,https://www.greensboroscience.org/,September 2029,True,Accredited Zoo/Aquarium
Greenville Zoo,S.C.,https://www.greenvillezoo.com/,September 2029,False,Accredited Zoo/Aquarium
Grizzly & Wolf Discovery Center,Mont.,https://www.grizzlydiscoveryctr.org/,September 2027,False,Accredited Zoo/Aquarium
Happy Hollow Park & Zoo,Calif.,https://happyhollow.org/,March 2027,False,Accredited Zoo/Aquarium
Hattiesburg Zoo,Miss.,https://hattiesburgzoo.com/,March 2030,False,Accredited Zoo/Aquarium
Henry Vilas Zoo,Wis.,https://www.henryvilaszoo.gov/,September 2029,False,Accredited Zoo/Aquarium
High Desert Museum,Ore.,https://highdesertmuseum.org/,September 2030,True,Accredited Zoo/Aquarium
Honolulu Zoo,Hawaii,https://www.honoluluzoo.org/,March 2030,False,Accredited Zoo/Aquarium
Houston Zoo,Inc. Texas,https://www.houstonzoo.org/,March 2029,False,Accredited Zoo/Aquarium
Hutchinson Zoo,Kan.,http://www.hutchinsonzoo.org/,September 2029,False,Accredited Zoo/Aquarium
Idaho Falls Zoo at Tautphaus Park,Idaho,https://www.idahofallsidaho.gov/1736/Zoo,September 2026,False,Accredited Zoo/Aquarium
"Indianapolis Zoological Society, Inc.",Ind.,https://www.indianapoliszoo.com/,September 2026,True,Accredited Zoo/Aquarium
International Crane Foundation,Wis.,https://savingcranes.org/,September 2029,False,Accredited Zoo/Aquarium
Jacksonville Zoo and Botanical Gardens,Fla.,https://www.jacksonvillezoo.org/,March 2031,False,Accredited Zoo/Aquarium
Jenkinson's Aquarium,N.J.,https://jenkinsons.com/aquarium/,March 2029,False,Accredited Zoo/Aquarium
John Ball Zoo,Mich.,https://jbzoo.org/,September 2026,False,Accredited Zoo/Aquarium
John G. Shedd Aquarium,Ill.,https://www.sheddaquarium.org/,March 2029,False,Accredited Zoo/Aquarium
Johnny Morris' Wonders of Wildlife National Museum & Aquarium,Mo.,https://wondersofwildlife.org/,March 2028,False,Accredited Zoo/Aquarium
Kansas City Zoo & Aquarium,Mo.,https://kansascityzoo.org/,September 2026,False,Accredited Zoo/Aquarium
Lake Superior Zoo,Minn.,https://lszooduluth.org/,September 2027,False,Accredited Zoo/Aquarium
Landry's Downtown Aquarium - Denver,Colo.,https://www.aquariumrestaurants.com/downtownaquariumdenver/default.asp,March 2031,False,Accredited Zoo/Aquarium
"Landry's Houston Aquarium, Inc.",Texas,https://www.downtownaquariumhouston.com/,March 2031,False,Accredited Zoo/Aquarium
Lee G. Simmons Conservation Park & Wildlife Safari,Nebraska,http://www.wildlifesafaripark.com/,September 2026,False,Accredited Zoo/Aquarium
Lee Richardson Zoo,Kansas,https://www.leerichardsonzoo.org/,September 2027,False,Accredited Zoo/Aquarium
Lehigh Valley Zoo,Penn.,https://www.lvzoo.org/,September 2026,False,Accredited Zoo/Aquarium
Lincoln Children's Zoo,Nebraska,https://www.lincolnzoo.org/,September 2027,False,Accredited Zoo/Aquarium
Lincoln Park Zoo,Ill.,https://www.lpzoo.org/,September 2028,False,Accredited Zoo/Aquarium
Lion Country Safari,Fla.,https://www.lioncountrysafari.com/,March 2027,False,Accredited Zoo/Aquarium
Little Rock Zoological Gardens,Arkansas,https://www.littlerockzoo.com/,September 2027,False,Accredited Zoo/Aquarium
The Living Desert Zoo and Gardens,Calif.,https://www.livingdesert.org/,March 2030,False,Accredited Zoo/Aquarium
Longneck Manor,Texas,https://longneckmanor.com/,September 2029,False,Accredited Zoo/Aquarium
Los Angeles Zoo,Calif.,https://lazoo.org/zoo/lausd/,March 2028,False,Accredited Zoo/Aquarium
Louisville Zoological Garden,Ky.,https://louisvillezoo.org/,March 2029,False,Accredited Zoo/Aquarium
Loveland Living Planet Aquarium,Utah,https://livingplanetaquarium.org/,March 2030,False,Accredited Zoo/Aquarium
Marineland,Fla.,https://marineland.net/,March 2027,False,Accredited Zoo/Aquarium
"The Maritime Aquarium at Norwalk, Inc.",Conn.,https://www.maritimeaquarium.org/,March 2029,False,Accredited Zoo/Aquarium
Maryland Zoo in Baltimore,Md.,https://www.marylandzoo.org/,September 2028,False,Accredited Zoo/Aquarium
Memphis Zoo,Tenn.,https://www.memphiszoo.org/,March 2030,False,Accredited Zoo/Aquarium
"Mesker Park Zoo & Botanic Garden, Inc.",Ind.,https://meskerparkzoo.com/,September 2027,False,Accredited Zoo/Aquarium
Miller Park Zoo,Ill.,https://mpzs.org/,September 2028,False,Accredited Zoo/Aquarium
Milwaukee County Zoological Gardens,Wis.,https://milwaukeezoo.org/#,September 2029,False,Accredited Zoo/Aquarium
Minnesota Zoological Garden,Minn.,https://mnzoo.org/,September 2028,False,Accredited Zoo/Aquarium
Monterey Bay Aquarium,Calif.,https://www.montereybayaquarium.org/,March 2028,False,Accredited Zoo/Aquarium
Montréal Biodôme,Canada,https://espacepourlavie.ca/biodome,September 2026,False,Accredited Zoo/Aquarium
Moody Gardens Rainforest and Aquarium,Texas,https://www.moodygardens.com/attractions/rainforest_pyramid/,March 2029,False,Accredited Zoo/Aquarium
Mote Marine Laboratory and Aquarium,Fla.,https://mote.org/aquarium/,March 2031,False,Accredited Zoo/Aquarium
Museum of Life and Science,N.C.,https://www.lifeandscience.org/,March 2027,False,Accredited Zoo/Aquarium
Museum of Science,Mass.,https://www.mos.org/,March 2030,True,Accredited Zoo/Aquarium
Mystic Aquarium,Conn.,https://www.mysticaquarium.org/,September 2026,False,Accredited Zoo/Aquarium
Naples Zoo,Fla.,https://www.napleszoo.org/,March 2027,False,Accredited Zoo/Aquarium
Nashville Zoo,Tenn.,https://www.nashvillezoo.org/,March 2030,False,Accredited Zoo/Aquarium
National Aquarium,Md.,https://aqua.org/,March 2028,False,Accredited Zoo/Aquarium
National Aviary,Pa.,https://www.aviary.org/,September 2026,False,Accredited Zoo/Aquarium
National Mississippi River Museum & Aquarium,Iowa,https://www.rivermuseum.com/,March 2030,True,Accredited Zoo/Aquarium
New England Aquarium,Mass.,https://www.neaq.org/,March 2027,True,Accredited Zoo/Aquarium
New York Aquarium,N.Y.,https://nyaquarium.com/,September 2029,False,Accredited Zoo/Aquarium
Newport Aquarium,Ky.,https://www.newportaquarium.com/,March 2030,False,Accredited Zoo/Aquarium
North Carolina Aquarium at Fort Fisher,N.C.,https://www.ncaquariums.com/fort-fisher?locale=en,September 2029,False,Accredited Zoo/Aquarium
North Carolina Aquarium at Pine Knoll Shores,N.C.,https://www.ncaquariums.com/pine-knoll-shores?locale=en,March 2028,False,Accredited Zoo/Aquarium
North Carolina Aquarium on Roanoke Island,N.C.,https://www.ncaquariums.com/roanoke-island,March 2028,False,Accredited Zoo/Aquarium
North Carolina Zoo,N.C.,https://www.nczoo.org/,September 2026,False,Accredited Zoo/Aquarium
Northeastern Wisconsin (NEW) Zoo,Wis.,https://newzoo.org/,September 2028,False,Accredited Zoo/Aquarium
Northwest Trek Wildlife Park,Wash.,https://www.nwtrek.org/,September 2027,False,Accredited Zoo/Aquarium
Oakland Zoo,Calif.,https://www.oaklandzoo.org/,March 2029,False,Accredited Zoo/Aquarium
Oceanogràfic Valencia,Spain,https://www.oceanografic.org/en/,March 2030,False,Accredited Zoo/Aquarium
Ocean Park Corporation,Hong Kong,https://www.oceanpark.com.hk/en,March 2029,False,Accredited Zoo/Aquarium
OdySea Aquarium,Ariz.,https://www.odyseaaquarium.com/,March 2029,False,Accredited Zoo/Aquarium
Oglebay's Good Zoo,W.Va.,https://oglebay.com/good-zoo/,September 2029,False,Accredited Zoo/Aquarium
Oklahoma City Zoo and Botanical Garden,Okla.,https://www.okczoo.org/,September 2029,True,Accredited Zoo/Aquarium
Omaha's Henry Doorly Zoo & Aquarium,Neb.,https://www.omahazoo.com/,September 2029,False,Accredited Zoo/Aquarium
Oregon Coast Aquarium,Ore.,https://aquarium.org/,March 2027,False,Accredited Zoo/Aquarium
Oregon Zoo,Ore.,https://www.oregonzoo.org/,September 2026,False,Accredited Zoo/Aquarium
Palm Beach Zoo & Conservation Center,Fla.,https://www.palmbeachzoo.org/,March 2028,False,Accredited Zoo/Aquarium
Palo Alto Junior Museum & Zoo,Calif.,https://www.paloaltozoo.org/Home,September 2030,False,Accredited Zoo/Aquarium
Parc Omega,Canada,https://www.parcomega.ca/en/,September 2031,False,Accredited Zoo/Aquarium
Peoria Zoo,Ill.,https://www.peoriazoo.org/,September 2028,False,Accredited Zoo/Aquarium
Philadelphia Zoo,Pa.,https://www.philadelphiazoo.org/,September 2030,False,Accredited Zoo/Aquarium
The Phoenix Zoo,Ariz.,https://www.phoenixzoo.org/,March 2028,False,Accredited Zoo/Aquarium
Pittsburgh Zoo & Aquarium,Pa.,https://www.pittsburghzoo.org/,September 2029,False,Accredited Zoo/Aquarium
Point Defiance Zoo and Aquarium,Wash.,https://www.pdza.org/,September 2028,False,Accredited Zoo/Aquarium
Potawatomi Zoo,Ind.,https://www.potawatomizoo.org/,September 2030,False,Accredited Zoo/Aquarium
Potter Park Zoological Gardens,Mich.,https://potterparkzoo.org/,September 2028,False,Accredited Zoo/Aquarium
Prospect Park Zoo,N.Y.,https://prospectparkzoo.com/,September 2030,False,Accredited Zoo/Aquarium
Pueblo Zoo,Colo.,https://www.pueblozoo.org/,September 2028,False,Accredited Zoo/Aquarium
Queens Zoo,N.Y.,https://queenszoo.com/,September 2030,False,Accredited Zoo/Aquarium
Racine Zoo,Wis.,https://racinezoo.org/,September 2028,False,Accredited Zoo/Aquarium
Red River Zoo,N.D.,https://www.redriverzoo.org/,September 2027,False,Accredited Zoo/Aquarium
Reid Park Zoo,Ariz.,https://reidparkzoo.org/,March 2030,False,Accredited Zoo/Aquarium
Ripley's Aquarium of Myrtle Beach,S.C.,https://www.ripleyaquariums.com/myrtlebeach/,March 2027,False,Accredited Zoo/Aquarium
Ripley's Aquarium of Canada,Canada,https://www.ripleyaquariums.com/canada/,September 2026,False,Accredited Zoo/Aquarium
Ripley's Aquarium of the Smokies,Tenn.,https://www.ripleyaquariums.com/gatlinburg/,March 2029,False,Accredited Zoo/Aquarium
Riverbanks Zoo and Garden,S.C.,https://www.riverbanks.org/,September 2026,False,Accredited Zoo/Aquarium
Roger Williams Park Zoo,R.I.,https://www.rwpzoo.org/,September 2027,False,Accredited Zoo/Aquarium
Rolling Hills Zoo,Kan.,https://www.rollinghillszoo.org/,September 2026,False,Accredited Zoo/Aquarium
Roosevelt Park Zoo,N.D.,https://rpzoo.com/,September 2029,False,Accredited Zoo/Aquarium
Rosamond Gifford Zoo at Burnet Park,N.Y.,https://www.rosamondgiffordzoo.org/,September 2029,False,Accredited Zoo/Aquarium
Sacramento Zoo,Calif.,https://www.saczoo.org/,March 2029,False,Accredited Zoo/Aquarium
Saginaw Children's Zoo,Mich.,https://www.saginawzoo.com/,September 2026,False,Accredited Zoo/Aquarium
Saint Louis Zoo,Mo.,https://stlzoo.org/,September 2030,False,Accredited Zoo/Aquarium
San Antonio Zoological Society,Texas,https://sazoo.org/,March 2029,False,Accredited Zoo/Aquarium
San Diego Zoo,Calif.,https://sandiegozoowildlifealliance.org/,March 2031,True,Accredited Zoo/Aquarium
San Diego Zoo Safari Park,Calif.,https://sdzsafaripark.org/tickets,March 2031,True,Accredited Zoo/Aquarium
San Francisco Zoological Gardens,Calif.,https://www.sfzoo.org/,March 2027,False,Accredited Zoo/Aquarium
Santa Ana Zoo,Calif.,https://www.santaanazoo.org/,September 2030,False,Accredited Zoo/Aquarium
Santa Barbara Zoo,Calif.,https://www.sbzoo.org/,March 2031,False,Accredited Zoo/Aquarium
Santa Fe College Teaching Zoo,Fla.,https://www.sfcollege.edu/zoo/,September 2026,False,Accredited Zoo/Aquarium
Scovill Zoo,Ill.,https://www.decatur-parks.org/scovill-zoo/,September 2027,False,Accredited Zoo/Aquarium
SEA LIFE Aquarium at LEGOLAND California Resort,Calif.,https://www.legoland.com/california/things-to-do/sea-life-aquarium/,March 2028,False,Accredited Zoo/Aquarium
SEA LIFE Arizona Aquarium,Ariz.,https://www.visitsealife.com/arizona/,March 2027,False,Accredited Zoo/Aquarium
SEA LIFE Charlotte-Concord Aquarium,N.C.,https://www.visitsealife.com/charlotte-concord/,September 2026,False,Accredited Zoo/Aquarium
SEA LIFE Grapevine Aquarium,Texas,https://www.visitsealife.com/grapevine/,March 2031,False,Accredited Zoo/Aquarium
SEA LIFE Kansas City Aquarium,Mo.,https://www.visitsealife.com/kansas-city/,March 2030,False,Accredited Zoo/Aquarium
SEA LIFE Michigan Aquarium,Mich.,https://www.visitsealife.com/michigan/,March 2028,False,Accredited Zoo/Aquarium
SEA LIFE Orlando Aquarium,Fla.,https://www.visitsealife.com/orlando/,September 2028,False,Accredited Zoo/Aquarium
The Seas,Fla.,https://disneyworld.disney.go.com/attractions/epcot/seas-with-nemo-and-friends/,March 2030,False,Accredited Zoo/Aquarium
Seattle Aquarium,Wash.,https://www.seattleaquarium.org/,March 2029,False,Accredited Zoo/Aquarium
SeaWorld®Orlando,Fla.,https://seaworld.com/orlando/,March 2031,False,Accredited Zoo/Aquarium
SeaWorld®San Antonio,Texas,https://seaworld.com/san-antonio/,March 2028,False,Accredited Zoo/Aquarium
SeaWorld®San Diego,Calif.,https://seaworld.com/san-diego/,March 2031,False,Accredited Zoo/Aquarium
"SeaWorld®Yas Island, Abu Dhabi",United Arab Emirates,https://www.seaworldabudhabi.com/,September 2029,False,Accredited Zoo/Aquarium
Sedgwick County Zoo,Kan.,https://scz.org/,September 2030,False,Accredited Zoo/Aquarium
Seneca Park Zoo,N.Y.,https://senecaparkzoo.org/,September 2029,False,Accredited Zoo/Aquarium
Seoul Zoo,South Korea,https://grandpark.seoul.go.kr/conts/contsView/en/S002002001001.do,September 2026,False,Accredited Zoo/Aquarium
Sequoia Park Zoo,Calif.,https://sequoiaparkzoo.net/,September 2026,False,Accredited Zoo/Aquarium
Shark Reef Aquarium at Mandalay Bay,Nev.,https://mandalaybay.mgmresorts.com/en/entertainment/shark-reef-aquarium.html,March 2028,False,Accredited Zoo/Aquarium
Singapore Oceanarium,Singapore,https://www.singaporeoceanarium.com/en.html,March 2031,False,Accredited Zoo/Aquarium
"Smithsonian's National Zoo and Conservation Biology Institute,",D.C.,https://nationalzoo.si.edu/,September 2029,False,Accredited Zoo/Aquarium
South Carolina Aquarium,S.C.,https://scaquarium.org/,March 2028,False,Accredited Zoo/Aquarium
St. Augustine Alligator Farm,Fla.,https://alligatorfarm.com/,March 2031,False,Accredited Zoo/Aquarium
Staten Island Zoo,N.Y.,http://www.statenislandzoo.org/,September 2030,False,Accredited Zoo/Aquarium
Steinhart Aquarium,Calif.,https://www.calacademy.org/exhibits/steinhart-aquarium,March 2031,False,Accredited Zoo/Aquarium
Sunset Zoological Park,Kan.,https://www.sunsetzoo.com/,September 2030,False,Accredited Zoo/Aquarium
Tennessee Aquarium,Tenn.,https://tnaqua.org/,March 2030,False,Accredited Zoo/Aquarium
Texas State Aquarium,Texas,https://www.texasstateaquarium.org/,March 2027,False,Accredited Zoo/Aquarium
"Toledo Zoological Gardens,",Ohio,https://www.toledozoo.org/,September 2028,False,Accredited Zoo/Aquarium
Topeka Zoo and Conservation Center,Kan.,https://topekazoo.org/,September 2028,False,Accredited Zoo/Aquarium
Toronto Zoo,Canada,https://www.torontozoo.com/,March 2027,False,Accredited Zoo/Aquarium
Tracy Aviary,Utah,https://tracyaviary.org/,September 2030,False,Accredited Zoo/Aquarium
Trevor-Lovejoy Zoo,N.Y.,https://www.millbrook.org/trevor-zoo-home,September 2027,False,Accredited Zoo/Aquarium
Tulsa Zoo,Okla.,https://tulsazoo.org/,September 2028,False,Accredited Zoo/Aquarium
Turtle Back Zoo,N.J.,https://turtlebackzoo.com/,September 2027,False,Accredited Zoo/Aquarium
Utah's Hogle Zoo,Utah,https://www.hoglezoo.org/,September 2030,False,Accredited Zoo/Aquarium
Utica Zoo,N.Y.,https://www.uticazoo.org/,September 2029,False,Accredited Zoo/Aquarium
Vancouver Aquarium,Canada,https://www.vanaqua.org/,September 2029,False,Accredited Zoo/Aquarium
Virginia Aquarium and Marine Science Center,Va.,https://www.virginiaaquarium.com/,March 2028,False,Accredited Zoo/Aquarium
Virginia Living Museum,Va.,https://thevlm.org/,March 2029,True,Accredited Zoo/Aquarium
Virginia Zoological Park,Va.,https://virginiazoo.org/,September 2029,False,Accredited Zoo/Aquarium
Walter D. Stone Memorial Zoo,Mass.,https://www.zoonewengland.org/stone-zoo/,September 2030,False,Accredited Zoo/Aquarium
Western North Carolina Nature Center,N.C.,https://wildwnc.org/,September 2026,False,Accredited Zoo/Aquarium
Wilder Institute's Calgary Zoo,Canada,https://www.calgaryzoo.com/,September 2029,False,Accredited Zoo/Aquarium
Wildlife Safari,Ore.,https://wildlifesafari.net/,September 2026,False,Accredited Zoo/Aquarium
The Wilds,Ohio,https://www.thewilds.org/,September 2027,False,Accredited Zoo/Aquarium
Woodland Park Zoo,Wash.,https://www.zoo.org/,September 2030,False,Accredited Zoo/Aquarium
Zoo Atlanta,Ga.,https://zooatlanta.org/,March 2031,False,Accredited Zoo/Aquarium
Zoo Boise,Idaho,https://zooboise.org/,September 2028,False,Accredited Zoo/Aquarium
Zoo de Granby,Canada,https://www.zoodegranby.com/en,September 2026,False,Accredited Zoo/Aquarium
Zoo Knoxville,Tenn.,https://zooknoxville.org/,March 2031,False,Accredited Zoo/Aquarium
Zoo Miami,Fla.,https://www.zoomiami.org/,March 2031,False,Accredited Zoo/Aquarium
ZooAmerica North American Wildlife Park,Pa.,https://www.zooamerica.com/,September 2026,False,Accredited Zoo/Aquarium
Zoológico de Cali,Colombia,https://www.zoologicodecali.com.co/,March 2027,False,Accredited Zoo/Aquarium
Zoológico Guadalajara,Mexico,https://zooguadalajara.com.mx/,March 2030,False,Accredited Zoo/Aquarium
ZooMontana,Mont.,https://www.zoomontana.org/,September 2030,False,Accredited Zoo/Aquarium
ZooTampa at Lowry Park,Fla.,https://zootampa.org/,March 2031,False,Accredited Zoo/Aquarium
B. Bryan Preserve,Calif.,https://www.bbryanpreserve.com/,March 2028,False,Related Facility
Colorado Wolf & Wildlife Center,Colo.,https://www.wolfeducation.org/,September 2028,False,Related Facility
Duke University Lemur Center,N.C.,https://lemur.duke.edu/,March 2028,False,Related Facility
Elephant Sanctuary in Tennessee,Tenn.,https://www.elephants.com/,September 2028,False,Related Facility
Endangered Wolf Center,Mo.,https://www.endangeredwolfcenter.org/,September 2027,False,Related Facility
Freeport-McMoRan Audubon Species Survival Center,La.,https://audubonnatureinstitute.org/freeport-mcmoran-audubon-species-survival-center,March 2030,False,Related Facility
Lemur Conservation Foundation,Fla.,https://www.lemurreserve.org/,March 2027,False,Related Facility
Lubee Bat Conservancy,Fla.,https://www.lubee.org/,March 2031,False,Related Facility
Pinola Conservancy,La.,http://www.pinola.net/,March 2029,False,Related Facility
"Steve Martin's Natural Encounters, Inc.",Fla.,https://naturalencounters.com/,March 2030,False,Related Facility
Turtle Conservancy,Calif.,https://www.turtleconservancy.org/,March 2027,False,Related Facility
Turtle Survival Center,S.C.,https://turtlesurvival.org/,March 2030,False,Related Facility
White Oak Conservation Center,Fla.,https://www.whiteoakwildlife.org/,March 2029,False,Related Facility
