name,city,state_province,country,website,accreditation_expiry_date,also_aam_accredited,section
Abilene Zoological Gardens,,TX,USA,https://abilenezoo.org/,2029-03-31,True,Accredited Zoo/Aquarium
Adventure Aquarium,,NJ,USA,https://www.adventureaquarium.com/,2030-03-31,False,Accredited Zoo/Aquarium
Africam Safari Park,,,Mexico,https://africamsafari.com/,2027-03-31,False,Accredited Zoo/Aquarium
Akron Zoological Park,,OH,USA,https://www.akronzoo.org/,2026-09-30,False,Accredited Zoo/Aquarium
Al Ain Zoo,,,United Arab Emirates,https://alainzoo.ae/,2030-03-31,False,Accredited Zoo/Aquarium
Alaska SeaLife Center,,AK,USA,https://www.alaskasealife.org/,2027-09-30,False,Accredited Zoo/Aquarium
Albuquerque Biological Park,,NM,USA,https://www.bioparksociety.org/main/abq-biopark/,2026-09-30,False,Accredited Zoo/Aquarium
Aquarium of Niagara,,NY,USA,https://aquariumofniagara.org/,2030-03-31,False,Accredited Zoo/Aquarium
Aquarium of the Pacific,,CA,USA,https://www.aquariumofpacific.org/,2031-03-31,False,Accredited Zoo/Aquarium
Arizona-Sonora Desert Museum,,AZ,USA,https://www.desertmuseum.org/,2031-03-31,False,Accredited Zoo/Aquarium
Assiniboine Park Zoo,,,Canada,https://www.assiniboinepark.ca/,2030-09-30,False,Accredited Zoo/Aquarium
Atlantis Dubai,,,United Arab Emirates,https://www.atlantis.com/dubai/atlantis-aquaventure/lost-chambers-aquarium,2031-03-31,False,Accredited Zoo/Aquarium
"Atlantis, Paradise Island",,,Bahamas,https://www.atlantisbahamas.com/things-to-do/dolphin-cay,2028-03-31,False,Accredited Zoo/Aquarium
Audubon Aquarium & Insectarium,,LA,USA,https://audubonnatureinstitute.org/aquarium,2030-03-31,False,Accredited Zoo/Aquarium
Audubon Zoo,,LA,USA,https://audubonnatureinstitute.org/zoo,2029-03-31,False,Accredited Zoo/Aquarium
Bailey-Matthews National Shell Museum & Aquarium,,FL,USA,https://www.shellmuseum.org/,2028-03-31,True,Accredited Zoo/Aquarium
Baylor University Bear Habitat,,TX,USA,https://bearhabitat.web.baylor.edu/,2026-09-30,False,Accredited Zoo/Aquarium
"Bermuda Aquarium, Museum and Zoo",,,Bermuda,https://bamz.org/,2030-03-31,False,Accredited Zoo/Aquarium
Binder Park Zoo,,MI,USA,https://binderparkzoo.org/,2030-09-30,False,Accredited Zoo/Aquarium
Birch Aquarium at Scripps,,CA,USA,https://aquarium.ucsd.edu/,2029-03-31,False,Accredited Zoo/Aquarium
Birmingham Zoo,,AL,USA,https://www.birminghamzoo.com/,2028-03-31,False,Accredited Zoo/Aquarium
Blank Park Zoo,,IA,USA,https://www.blankparkzoo.com/,2029-09-30,False,Accredited Zoo/Aquarium
Boonshoft Museum of Discovery,,OH,USA,https://boonshoft.org/,2027-03-31,True,Accredited Zoo/Aquarium
Brandywine Zoo,,DE,USA,https://brandywinezoo.org/,2027-09-30,False,Accredited Zoo/Aquarium
BREC's Baton Rouge Zoo,,LA,USA,https://brzoo.org/,2029-03-31,False,Accredited Zoo/Aquarium
Brevard Zoo,,FL,USA,https://brevardzoo.org/,2029-03-31,False,Accredited Zoo/Aquarium
Bronx Zoo/WCS,,NY,USA,https://bronxzoo.com/,2029-09-30,False,Accredited Zoo/Aquarium
Brookfield Zoo Chicago,,IL,USA,https://czs.org/BrookfieldZoo,2028-09-30,False,Accredited Zoo/Aquarium
Brookgreen Gardens,,SC,USA,https://www.brookgreen.org/low-country-zoo,2029-09-30,True,Accredited Zoo/Aquarium
Buffalo Zoo,,NY,USA,https://buffalozoo.org/,2027-09-30,False,Accredited Zoo/Aquarium
Busch Gardens Tampa Bay,,FL,USA,https://buschgardens.com/tampa/zoo/animals/,2027-03-31,False,Accredited Zoo/Aquarium
Butterfly House,,MO,USA,https://www.missouribotanicalgarden.org/plan-your-visit/family-of-attractions/butterfly-house,2030-03-31,True,Accredited Zoo/Aquarium
Butterfly Pavilion,,CO,USA,https://butterflies.org/,2031-03-31,False,Accredited Zoo/Aquarium
Buttonwood Park Zoo,,MA,USA,https://www.bpzoo.org/,2029-09-30,False,Accredited Zoo/Aquarium
Cabrillo Marine Aquarium,,CA,USA,https://www.cabrillomarineaquarium.org/,2027-03-31,False,Accredited Zoo/Aquarium
Caldwell Zoo,,TX,USA,https://caldwellzoo.org/,2031-03-31,False,Accredited Zoo/Aquarium
California Science Center,,CA,USA,https://californiasciencecenter.org/,2028-03-31,True,Accredited Zoo/Aquarium
Cameron Park Zoo,,TX,USA,https://www.cameronparkzoo.com/,2027-03-31,False,Accredited Zoo/Aquarium
Cape May County Park Zoo,,NJ,USA,https://www.capemaycountynj.gov/1008/Park-Zoo,2028-09-30,False,Accredited Zoo/Aquarium
Capron Park Zoo,,MA,USA,https://capronparkzoo.com/animal-collection/,2027-09-30,False,Accredited Zoo/Aquarium
Central Coast Zoo,,CA,USA,https://charlespaddockzoo.org/,2030-03-31,False,Accredited Zoo/Aquarium
Central Florida Zoo & Botanical Gardens,,FL,USA,https://www.centralfloridazoo.org/,2027-03-31,False,Accredited Zoo/Aquarium
Central Park Zoo,,NY,USA,https://centralparkzoo.com/,2030-09-30,False,Accredited Zoo/Aquarium
Chattanooga Zoo at Warner Park,,TN,USA,https://www.chattzoo.org/,2029-09-30,False,Accredited Zoo/Aquarium
Cheyenne Mountain Zoological Park,,CO,USA,https://www.cmzoo.org/,2026-09-30,False,Accredited Zoo/Aquarium
Cincinnati Zoo and Botanical Garden,,OH,USA,https://cincinnatizoo.org/,2030-09-30,False,Accredited Zoo/Aquarium
Cleveland Metroparks Zoo,,OH,USA,https://www.clevelandmetroparks.com/zoo,2030-09-30,False,Accredited Zoo/Aquarium
Clyde Peeling's Reptiland,,PA,USA,https://reptiland.com/,2029-09-30,False,Accredited Zoo/Aquarium
Columbus Zoo & Aquarium,,OH,USA,https://www.columbuszoo.org/,2028-09-30,False,Accredited Zoo/Aquarium
Como Park Zoo and Conservatory,,MN,USA,https://comozooconservatory.org/,2026-09-30,False,Accredited Zoo/Aquarium
Connecticut's Beardsley Zoo,,CT,USA,https://www.beardsleyzoo.org/,2029-09-30,False,Accredited Zoo/Aquarium
Cosley Zoo,,IL,USA,https://cosleyzoo.org/,2026-09-30,False,Accredited Zoo/Aquarium
CuriOdyssey,,CA,USA,https://curiodyssey.org/,2027-03-31,False,Accredited Zoo/Aquarium
Dakota Zoo,,ND,USA,https://www.dakotazoo.org/,2028-09-30,False,Accredited Zoo/Aquarium
Dallas World Aquarium,,TX,USA,https://dwazoo.com/,2028-03-31,False,Accredited Zoo/Aquarium
Dallas Zoo,,TX,USA,https://www.dallaszoo.com/#gref,2028-03-31,False,Accredited Zoo/Aquarium
David Traylor Zoo of Emporia,,KS,USA,https://www.emporiaks.gov/159/David-Traylor-Zoo,2027-09-30,False,Accredited Zoo/Aquarium
Denver Zoo Conservation Alliance,,CO,USA,https://denverzoo.org/,2028-09-30,False,Accredited Zoo/Aquarium
Detroit Zoological Society,,MI,USA,https://detroitzoo.org/,2027-09-30,False,Accredited Zoo/Aquarium
Dickerson Park Zoo,,MO,USA,https://dickersonparkzoo.org/,2028-09-30,False,Accredited Zoo/Aquarium
Discovery Cove,,FL,USA,https://discoverycove.com/orlando/,2031-03-31,False,Accredited Zoo/Aquarium
Disney's Animal Kingdom,,FL,USA,https://disneyworld.disney.go.com/destinations/animal-kingdom/,2031-03-31,False,Accredited Zoo/Aquarium
Dolphin Discovery Cozumel,,,Mexico,https://www.dolphindiscovery.com/cozumel/,2029-03-31,False,Accredited Zoo/Aquarium
Dolphin Discovery Isla Mujeres,,,Mexico,https://www.dolphindiscovery.com/cancun-islamujeres/,2029-03-31,False,Accredited Zoo/Aquarium
Elmwood Park Zoo,,PA,USA,https://www.elmwoodparkzoo.org/,2027-09-30,False,Accredited Zoo/Aquarium
Emirates Park Zoo,,,United Arab Emirates,https://www.emiratesparkzooandresort.com/,2028-09-30,False,Accredited Zoo/Aquarium
Everland Zoo,,,South Korea,https://www.everland.com/web/everland/favorite/zootopia/index.html,2030-09-30,False,Accredited Zoo/Aquarium
The Florida Aquarium,,FL,USA,https://www.flaquarium.org/,2030-03-31,False,Accredited Zoo/Aquarium
Fort Wayne Zoo,,IN,USA,https://fwzoo.com/,2029-09-30,False,Accredited Zoo/Aquarium
Fort Worth Zoo,,TX,USA,https://www.fortworthzoo.org/,2029-03-31,False,Accredited Zoo/Aquarium
Fossil Rim Wildlife Center,,TX,USA,https://fossilrim.org/,2030-03-31,False,Accredited Zoo/Aquarium
Franklin Park Zoo,,MA,USA,https://www.zoonewengland.org/franklin-park-zoo/,2030-09-30,False,Accredited Zoo/Aquarium
Fresno Chaffee Zoo,,CA,USA,https://www.fresnochaffeezoo.org/,2027-03-31,False,Accredited Zoo/Aquarium
Fundación Temaikèn,,,Argentina,https://www.temaiken.org.ar/bioparque,2028-03-31,False,Accredited Zoo/Aquarium
Georgia Aquarium,,GA,USA,https://www.georgiaaquarium.org/,2029-03-31,False,Accredited Zoo/Aquarium
Gladys Porter Zoo,,TX,USA,http://gladysporterzoo.org/,2027-09-30,False,Accredited Zoo/Aquarium
Great Plains Zoo,,SD,USA,https://greatzoo.org/,2027-09-30,False,Accredited Zoo/Aquarium
Greensboro Science Center,,NC,USA,https://www.greensboroscience.org/,2029-09-30,True,Accredited Zoo/Aquarium
Greenville Zoo,,SC,USA,https://www.greenvillezoo.com/,2029-09-30,False,Accredited Zoo/Aquarium
Grizzly & Wolf Discovery Center,,MT,USA,https://www.grizzlydiscoveryctr.org/,2027-09-30,False,Accredited Zoo/Aquarium
Happy Hollow Park & Zoo,,CA,USA,https://happyhollow.org/,2027-03-31,False,Accredited Zoo/Aquarium
Hattiesburg Zoo,,MS,USA,https://hattiesburgzoo.com/,2030-03-31,False,Accredited Zoo/Aquarium
Henry Vilas Zoo,,WI,USA,https://www.henryvilaszoo.gov/,2029-09-30,False,Accredited Zoo/Aquarium
High Desert Museum,,OR,USA,https://highdesertmuseum.org/,2030-09-30,True,Accredited Zoo/Aquarium
Honolulu Zoo,,HI,USA,https://www.honoluluzoo.org/,2030-03-31,False,Accredited Zoo/Aquarium
Houston Zoo,,TX,USA,https://www.houstonzoo.org/,2029-03-31,False,Accredited Zoo/Aquarium
Hutchinson Zoo,,KS,USA,http://www.hutchinsonzoo.org/,2029-09-30,False,Accredited Zoo/Aquarium
Idaho Falls Zoo at Tautphaus Park,,ID,USA,https://www.idahofallsidaho.gov/1736/Zoo,2026-09-30,False,Accredited Zoo/Aquarium
"Indianapolis Zoological Society, Inc.",,IN,USA,https://www.indianapoliszoo.com/,2026-09-30,True,Accredited Zoo/Aquarium
International Crane Foundation,,WI,USA,https://savingcranes.org/,2029-09-30,False,Accredited Zoo/Aquarium
Jacksonville Zoo and Botanical Gardens,,FL,USA,https://www.jacksonvillezoo.org/,2031-03-31,False,Accredited Zoo/Aquarium
Jenkinson's Aquarium,,NJ,USA,https://jenkinsons.com/aquarium/,2029-03-31,False,Accredited Zoo/Aquarium
John Ball Zoo,,MI,USA,https://jbzoo.org/,2026-09-30,False,Accredited Zoo/Aquarium
John G. Shedd Aquarium,,IL,USA,https://www.sheddaquarium.org/,2029-03-31,False,Accredited Zoo/Aquarium
Johnny Morris' Wonders of Wildlife National Museum & Aquarium,,MO,USA,https://wondersofwildlife.org/,2028-03-31,False,Accredited Zoo/Aquarium
Kansas City Zoo & Aquarium,,MO,USA,https://kansascityzoo.org/,2026-09-30,False,Accredited Zoo/Aquarium
Lake Superior Zoo,,MN,USA,https://lszooduluth.org/,2027-09-30,False,Accredited Zoo/Aquarium
Landry's Downtown Aquarium - Denver,,CO,USA,https://www.aquariumrestaurants.com/downtownaquariumdenver/default.asp,2031-03-31,False,Accredited Zoo/Aquarium
"Landry's Houston Aquarium, Inc.",,TX,USA,https://www.downtownaquariumhouston.com/,2031-03-31,False,Accredited Zoo/Aquarium
Lee G. Simmons Conservation Park & Wildlife Safari,,NE,USA,http://www.wildlifesafaripark.com/,2026-09-30,False,Accredited Zoo/Aquarium
Lee Richardson Zoo,,KS,USA,https://www.leerichardsonzoo.org/,2027-09-30,False,Accredited Zoo/Aquarium
Lehigh Valley Zoo,,PA,USA,https://www.lvzoo.org/,2026-09-30,False,Accredited Zoo/Aquarium
Lincoln Children's Zoo,,NE,USA,https://www.lincolnzoo.org/,2027-09-30,False,Accredited Zoo/Aquarium
Lincoln Park Zoo,,IL,USA,https://www.lpzoo.org/,2028-09-30,False,Accredited Zoo/Aquarium
Lion Country Safari,,FL,USA,https://www.lioncountrysafari.com/,2027-03-31,False,Accredited Zoo/Aquarium
Little Rock Zoological Gardens,,AR,USA,https://www.littlerockzoo.com/,2027-09-30,False,Accredited Zoo/Aquarium
The Living Desert Zoo and Gardens,,CA,USA,https://www.livingdesert.org/,2030-03-31,False,Accredited Zoo/Aquarium
Longneck Manor,,TX,USA,https://longneckmanor.com/,2029-09-30,False,Accredited Zoo/Aquarium
Los Angeles Zoo,,CA,USA,https://lazoo.org/zoo/lausd/,2028-03-31,False,Accredited Zoo/Aquarium
Louisville Zoological Garden,,KY,USA,https://louisvillezoo.org/,2029-03-31,False,Accredited Zoo/Aquarium
Loveland Living Planet Aquarium,,UT,USA,https://livingplanetaquarium.org/,2030-03-31,False,Accredited Zoo/Aquarium
Marineland,,FL,USA,https://marineland.net/,2027-03-31,False,Accredited Zoo/Aquarium
"The Maritime Aquarium at Norwalk, Inc.",,CT,USA,https://www.maritimeaquarium.org/,2029-03-31,False,Accredited Zoo/Aquarium
Maryland Zoo in Baltimore,,MD,USA,https://www.marylandzoo.org/,2028-09-30,False,Accredited Zoo/Aquarium
Memphis Zoo,,TN,USA,https://www.memphiszoo.org/,2030-03-31,False,Accredited Zoo/Aquarium
"Mesker Park Zoo & Botanic Garden, Inc.",,IN,USA,https://meskerparkzoo.com/,2027-09-30,False,Accredited Zoo/Aquarium
Miller Park Zoo,,IL,USA,https://mpzs.org/,2028-09-30,False,Accredited Zoo/Aquarium
Milwaukee County Zoological Gardens,,WI,USA,https://milwaukeezoo.org/#,2029-09-30,False,Accredited Zoo/Aquarium
Minnesota Zoological Garden,,MN,USA,https://mnzoo.org/,2028-09-30,False,Accredited Zoo/Aquarium
Monterey Bay Aquarium,,CA,USA,https://www.montereybayaquarium.org/,2028-03-31,False,Accredited Zoo/Aquarium
Montréal Biodôme,,,Canada,https://espacepourlavie.ca/biodome,2026-09-30,False,Accredited Zoo/Aquarium
Moody Gardens Rainforest and Aquarium,,TX,USA,https://www.moodygardens.com/attractions/rainforest_pyramid/,2029-03-31,False,Accredited Zoo/Aquarium
Mote Marine Laboratory and Aquarium,,FL,USA,https://mote.org/aquarium/,2031-03-31,False,Accredited Zoo/Aquarium
Museum of Life and Science,,NC,USA,https://www.lifeandscience.org/,2027-03-31,False,Accredited Zoo/Aquarium
Museum of Science,,MA,USA,https://www.mos.org/,2030-03-31,True,Accredited Zoo/Aquarium
Mystic Aquarium,,CT,USA,https://www.mysticaquarium.org/,2026-09-30,False,Accredited Zoo/Aquarium
Naples Zoo,,FL,USA,https://www.napleszoo.org/,2027-03-31,False,Accredited Zoo/Aquarium
Nashville Zoo,,TN,USA,https://www.nashvillezoo.org/,2030-03-31,False,Accredited Zoo/Aquarium
National Aquarium,,MD,USA,https://aqua.org/,2028-03-31,False,Accredited Zoo/Aquarium
National Aviary,,PA,USA,https://www.aviary.org/,2026-09-30,False,Accredited Zoo/Aquarium
National Mississippi River Museum & Aquarium,,IA,USA,https://www.rivermuseum.com/,2030-03-31,True,Accredited Zoo/Aquarium
New England Aquarium,,MA,USA,https://www.neaq.org/,2027-03-31,True,Accredited Zoo/Aquarium
New York Aquarium,,NY,USA,https://nyaquarium.com/,2029-09-30,False,Accredited Zoo/Aquarium
Newport Aquarium,,KY,USA,https://www.newportaquarium.com/,2030-03-31,False,Accredited Zoo/Aquarium
North Carolina Aquarium at Fort Fisher,,NC,USA,https://www.ncaquariums.com/fort-fisher?locale=en,2029-09-30,False,Accredited Zoo/Aquarium
North Carolina Aquarium at Pine Knoll Shores,,NC,USA,https://www.ncaquariums.com/pine-knoll-shores?locale=en,2028-03-31,False,Accredited Zoo/Aquarium
North Carolina Aquarium on Roanoke Island,,NC,USA,https://www.ncaquariums.com/roanoke-island,2028-03-31,False,Accredited Zoo/Aquarium
North Carolina Zoo,,NC,USA,https://www.nczoo.org/,2026-09-30,False,Accredited Zoo/Aquarium
Northeastern Wisconsin (NEW) Zoo,,WI,USA,https://newzoo.org/,2028-09-30,False,Accredited Zoo/Aquarium
Northwest Trek Wildlife Park,,WA,USA,https://www.nwtrek.org/,2027-09-30,False,Accredited Zoo/Aquarium
Oakland Zoo,,CA,USA,https://www.oaklandzoo.org/,2029-03-31,False,Accredited Zoo/Aquarium
Oceanogràfic Valencia,,,Spain,https://www.oceanografic.org/en/,2030-03-31,False,Accredited Zoo/Aquarium
Ocean Park Corporation,,,Hong Kong,https://www.oceanpark.com.hk/en,2029-03-31,False,Accredited Zoo/Aquarium
OdySea Aquarium,,AZ,USA,https://www.odyseaaquarium.com/,2029-03-31,False,Accredited Zoo/Aquarium
Oglebay's Good Zoo,,WV,USA,https://oglebay.com/good-zoo/,2029-09-30,False,Accredited Zoo/Aquarium
Oklahoma City Zoo and Botanical Garden,,OK,USA,https://www.okczoo.org/,2029-09-30,True,Accredited Zoo/Aquarium
Omaha's Henry Doorly Zoo & Aquarium,,NE,USA,https://www.omahazoo.com/,2029-09-30,False,Accredited Zoo/Aquarium
Oregon Coast Aquarium,,OR,USA,https://aquarium.org/,2027-03-31,False,Accredited Zoo/Aquarium
Oregon Zoo,,OR,USA,https://www.oregonzoo.org/,2026-09-30,False,Accredited Zoo/Aquarium
Palm Beach Zoo & Conservation Center,,FL,USA,https://www.palmbeachzoo.org/,2028-03-31,False,Accredited Zoo/Aquarium
Palo Alto Junior Museum & Zoo,,CA,USA,https://www.paloaltozoo.org/Home,2030-09-30,False,Accredited Zoo/Aquarium
Parc Omega,,,Canada,https://www.parcomega.ca/en/,2031-09-30,False,Accredited Zoo/Aquarium
Peoria Zoo,,IL,USA,https://www.peoriazoo.org/,2028-09-30,False,Accredited Zoo/Aquarium
Philadelphia Zoo,,PA,USA,https://www.philadelphiazoo.org/,2030-09-30,False,Accredited Zoo/Aquarium
The Phoenix Zoo,,AZ,USA,https://www.phoenixzoo.org/,2028-03-31,False,Accredited Zoo/Aquarium
Pittsburgh Zoo & Aquarium,,PA,USA,https://www.pittsburghzoo.org/,2029-09-30,False,Accredited Zoo/Aquarium
Point Defiance Zoo and Aquarium,,WA,USA,https://www.pdza.org/,2028-09-30,False,Accredited Zoo/Aquarium
Potawatomi Zoo,,IN,USA,https://www.potawatomizoo.org/,2030-09-30,False,Accredited Zoo/Aquarium
Potter Park Zoological Gardens,,MI,USA,https://potterparkzoo.org/,2028-09-30,False,Accredited Zoo/Aquarium
Prospect Park Zoo,,NY,USA,https://prospectparkzoo.com/,2030-09-30,False,Accredited Zoo/Aquarium
Pueblo Zoo,,CO,USA,https://www.pueblozoo.org/,2028-09-30,False,Accredited Zoo/Aquarium
Queens Zoo,,NY,USA,https://queenszoo.com/,2030-09-30,False,Accredited Zoo/Aquarium
Racine Zoo,,WI,USA,https://racinezoo.org/,2028-09-30,False,Accredited Zoo/Aquarium
Red River Zoo,,ND,USA,https://www.redriverzoo.org/,2027-09-30,False,Accredited Zoo/Aquarium
Reid Park Zoo,,AZ,USA,https://reidparkzoo.org/,2030-03-31,False,Accredited Zoo/Aquarium
Ripley's Aquarium of Myrtle Beach,,SC,USA,https://www.ripleyaquariums.com/myrtlebeach/,2027-03-31,False,Accredited Zoo/Aquarium
Ripley's Aquarium of Canada,,,Canada,https://www.ripleyaquariums.com/canada/,2026-09-30,False,Accredited Zoo/Aquarium
Ripley's Aquarium of the Smokies,,TN,USA,https://www.ripleyaquariums.com/gatlinburg/,2029-03-31,False,Accredited Zoo/Aquarium
Riverbanks Zoo and Garden,,SC,USA,https://www.riverbanks.org/,2026-09-30,False,Accredited Zoo/Aquarium
Roger Williams Park Zoo,,RI,USA,https://www.rwpzoo.org/,2027-09-30,False,Accredited Zoo/Aquarium
Rolling Hills Zoo,,KS,USA,https://www.rollinghillszoo.org/,2026-09-30,False,Accredited Zoo/Aquarium
Roosevelt Park Zoo,,ND,USA,https://rpzoo.com/,2029-09-30,False,Accredited Zoo/Aquarium
Rosamond Gifford Zoo at Burnet Park,,NY,USA,https://www.rosamondgiffordzoo.org/,2029-09-30,False,Accredited Zoo/Aquarium
Sacramento Zoo,,CA,USA,https://www.saczoo.org/,2029-03-31,False,Accredited Zoo/Aquarium
Saginaw Children's Zoo,,MI,USA,https://www.saginawzoo.com/,2026-09-30,False,Accredited Zoo/Aquarium
Saint Louis Zoo,,MO,USA,https://stlzoo.org/,2030-09-30,False,Accredited Zoo/Aquarium
San Antonio Zoological Society,,TX,USA,https://sazoo.org/,2029-03-31,False,Accredited Zoo/Aquarium
San Diego Zoo,,CA,USA,https://sandiegozoowildlifealliance.org/,2031-03-31,True,Accredited Zoo/Aquarium
San Diego Zoo Safari Park,,CA,USA,https://sdzsafaripark.org/tickets,2031-03-31,True,Accredited Zoo/Aquarium
San Francisco Zoological Gardens,,CA,USA,https://www.sfzoo.org/,2027-03-31,False,Accredited Zoo/Aquarium
Santa Ana Zoo,,CA,USA,https://www.santaanazoo.org/,2030-09-30,False,Accredited Zoo/Aquarium
Santa Barbara Zoo,,CA,USA,https://www.sbzoo.org/,2031-03-31,False,Accredited Zoo/Aquarium
Santa Fe College Teaching Zoo,,FL,USA,https://www.sfcollege.edu/zoo/,2026-09-30,False,Accredited Zoo/Aquarium
Scovill Zoo,,IL,USA,https://www.decatur-parks.org/scovill-zoo/,2027-09-30,False,Accredited Zoo/Aquarium
SEA LIFE Aquarium at LEGOLAND California Resort,,CA,USA,https://www.legoland.com/california/things-to-do/sea-life-aquarium/,2028-03-31,False,Accredited Zoo/Aquarium
SEA LIFE Arizona Aquarium,,AZ,USA,https://www.visitsealife.com/arizona/,2027-03-31,False,Accredited Zoo/Aquarium
SEA LIFE Charlotte-Concord Aquarium,,NC,USA,https://www.visitsealife.com/charlotte-concord/,2026-09-30,False,Accredited Zoo/Aquarium
SEA LIFE Grapevine Aquarium,,TX,USA,https://www.visitsealife.com/grapevine/,2031-03-31,False,Accredited Zoo/Aquarium
SEA LIFE Kansas City Aquarium,,MO,USA,https://www.visitsealife.com/kansas-city/,2030-03-31,False,Accredited Zoo/Aquarium
SEA LIFE Michigan Aquarium,,MI,USA,https://www.visitsealife.com/michigan/,2028-03-31,False,Accredited Zoo/Aquarium
SEA LIFE Orlando Aquarium,,FL,USA,https://www.visitsealife.com/orlando/,2028-09-30,False,Accredited Zoo/Aquarium
The Seas,,FL,USA,https://disneyworld.disney.go.com/attractions/epcot/seas-with-nemo-and-friends/,2030-03-31,False,Accredited Zoo/Aquarium
Seattle Aquarium,,WA,USA,https://www.seattleaquarium.org/,2029-03-31,False,Accredited Zoo/Aquarium
SeaWorld®Orlando,,FL,USA,https://seaworld.com/orlando/,2031-03-31,False,Accredited Zoo/Aquarium
SeaWorld®San Antonio,,TX,USA,https://seaworld.com/san-antonio/,2028-03-31,False,Accredited Zoo/Aquarium
SeaWorld®San Diego,,CA,USA,https://seaworld.com/san-diego/,2031-03-31,False,Accredited Zoo/Aquarium
"SeaWorld®Yas Island, Abu Dhabi",,,United Arab Emirates,https://www.seaworldabudhabi.com/,2029-09-30,False,Accredited Zoo/Aquarium
Sedgwick County Zoo,,KS,USA,https://scz.org/,2030-09-30,False,Accredited Zoo/Aquarium
Seneca Park Zoo,,NY,USA,https://senecaparkzoo.org/,2029-09-30,False,Accredited Zoo/Aquarium
Seoul Zoo,,,South Korea,https://grandpark.seoul.go.kr/conts/contsView/en/S002002001001.do,2026-09-30,False,Accredited Zoo/Aquarium
Sequoia Park Zoo,,CA,USA,https://sequoiaparkzoo.net/,2026-09-30,False,Accredited Zoo/Aquarium
Shark Reef Aquarium at Mandalay Bay,,NV,USA,https://mandalaybay.mgmresorts.com/en/entertainment/shark-reef-aquarium.html,2028-03-31,False,Accredited Zoo/Aquarium
Singapore Oceanarium,,,Singapore,https://www.singaporeoceanarium.com/en.html,2031-03-31,False,Accredited Zoo/Aquarium
Smithsonian's National Zoo and Conservation Biology Institute,,DC,USA,https://nationalzoo.si.edu/,2029-09-30,False,Accredited Zoo/Aquarium
South Carolina Aquarium,,SC,USA,https://scaquarium.org/,2028-03-31,False,Accredited Zoo/Aquarium
St. Augustine Alligator Farm,,FL,USA,https://alligatorfarm.com/,2031-03-31,False,Accredited Zoo/Aquarium
Staten Island Zoo,,NY,USA,http://www.statenislandzoo.org/,2030-09-30,False,Accredited Zoo/Aquarium
Steinhart Aquarium,,CA,USA,https://www.calacademy.org/exhibits/steinhart-aquarium,2031-03-31,False,Accredited Zoo/Aquarium
Sunset Zoological Park,,KS,USA,https://www.sunsetzoo.com/,2030-09-30,False,Accredited Zoo/Aquarium
Tennessee Aquarium,,TN,USA,https://tnaqua.org/,2030-03-31,False,Accredited Zoo/Aquarium
Texas State Aquarium,,TX,USA,https://www.texasstateaquarium.org/,2027-03-31,False,Accredited Zoo/Aquarium
Toledo Zoological Gardens,,OH,USA,https://www.toledozoo.org/,2028-09-30,False,Accredited Zoo/Aquarium
Topeka Zoo and Conservation Center,,KS,USA,https://topekazoo.org/,2028-09-30,False,Accredited Zoo/Aquarium
Toronto Zoo,,,Canada,https://www.torontozoo.com/,2027-03-31,False,Accredited Zoo/Aquarium
Tracy Aviary,,UT,USA,https://tracyaviary.org/,2030-09-30,False,Accredited Zoo/Aquarium
Trevor-Lovejoy Zoo,,NY,USA,https://www.millbrook.org/trevor-zoo-home,2027-09-30,False,Accredited Zoo/Aquarium
Tulsa Zoo,,OK,USA,https://tulsazoo.org/,2028-09-30,False,Accredited Zoo/Aquarium
Turtle Back Zoo,,NJ,USA,https://turtlebackzoo.com/,2027-09-30,False,Accredited Zoo/Aquarium
Utah's Hogle Zoo,,UT,USA,https://www.hoglezoo.org/,2030-09-30,False,Accredited Zoo/Aquarium
Utica Zoo,,NY,USA,https://www.uticazoo.org/,2029-09-30,False,Accredited Zoo/Aquarium
Vancouver Aquarium,,,Canada,https://www.vanaqua.org/,2029-09-30,False,Accredited Zoo/Aquarium
Virginia Aquarium and Marine Science Center,,VA,USA,https://www.virginiaaquarium.com/,2028-03-31,False,Accredited Zoo/Aquarium
Virginia Living Museum,,VA,USA,https://thevlm.org/,2029-03-31,True,Accredited Zoo/Aquarium
Virginia Zoological Park,,VA,USA,https://virginiazoo.org/,2029-09-30,False,Accredited Zoo/Aquarium
Walter D. Stone Memorial Zoo,,MA,USA,https://www.zoonewengland.org/stone-zoo/,2030-09-30,False,Accredited Zoo/Aquarium
Western North Carolina Nature Center,,NC,USA,https://wildwnc.org/,2026-09-30,False,Accredited Zoo/Aquarium
Wilder Institute's Calgary Zoo,,,Canada,https://www.calgaryzoo.com/,2029-09-30,False,Accredited Zoo/Aquarium
Wildlife Safari,,OR,USA,https://wildlifesafari.net/,2026-09-30,False,Accredited Zoo/Aquarium
The Wilds,,OH,USA,https://www.thewilds.org/,2027-09-30,False,Accredited Zoo/Aquarium
Woodland Park Zoo,,WA,USA,https://www.zoo.org/,2030-09-30,False,Accredited Zoo/Aquarium
Zoo Atlanta,,GA,USA,https://zooatlanta.org/,2031-03-31,False,Accredited Zoo/Aquarium
Zoo Boise,,ID,USA,https://zooboise.org/,2028-09-30,False,Accredited Zoo/Aquarium
Zoo de Granby,,,Canada,https://www.zoodegranby.com/en,2026-09-30,False,Accredited Zoo/Aquarium
Zoo Knoxville,,TN,USA,https://zooknoxville.org/,2031-03-31,False,Accredited Zoo/Aquarium
Zoo Miami,,FL,USA,https://www.zoomiami.org/,2031-03-31,False,Accredited Zoo/Aquarium
ZooAmerica North American Wildlife Park,,PA,USA,https://www.zooamerica.com/,2026-09-30,False,Accredited Zoo/Aquarium
Zoológico de Cali,,,Colombia,https://www.zoologicodecali.com.co/,2027-03-31,False,Accredited Zoo/Aquarium
Zoológico Guadalajara,,,Mexico,https://zooguadalajara.com.mx/,2030-03-31,False,Accredited Zoo/Aquarium
ZooMontana,,MT,USA,https://www.zoomontana.org/,2030-09-30,False,Accredited Zoo/Aquarium
ZooTampa at Lowry Park,,FL,USA,https://zootampa.org/,2031-03-31,False,Accredited Zoo/Aquarium
B. Bryan Preserve,,CA,USA,https://www.bbryanpreserve.com/,2028-03-31,False,Related Facility
Colorado Wolf & Wildlife Center,,CO,USA,https://www.wolfeducation.org/,2028-09-30,False,Related Facility
Duke University Lemur Center,,NC,USA,https://lemur.duke.edu/,2028-03-31,False,Related Facility
Elephant Sanctuary in Tennessee,,TN,USA,https://www.elephants.com/,2028-09-30,False,Related Facility
Endangered Wolf Center,,MO,USA,https://www.endangeredwolfcenter.org/,2027-09-30,False,Related Facility
Freeport-McMoRan Audubon Species Survival Center,,LA,USA,https://audubonnatureinstitute.org/freeport-mcmoran-audubon-species-survival-center,2030-03-31,False,Related Facility
Lemur Conservation Foundation,,FL,USA,https://www.lemurreserve.org/,2027-03-31,False,Related Facility
Lubee Bat Conservancy,,FL,USA,https://www.lubee.org/,2031-03-31,False,Related Facility
Pinola Conservancy,,LA,USA,http://www.pinola.net/,2029-03-31,False,Related Facility
"Steve Martin's Natural Encounters, Inc.",,FL,USA,https://naturalencounters.com/,2030-03-31,False,Related Facility
Turtle Conservancy,,CA,USA,https://www.turtleconservancy.org/,2027-03-31,False,Related Facility
Turtle Survival Center,,SC,USA,https://turtlesurvival.org/,2030-03-31,False,Related Facility
White Oak Conservation Center,,FL,USA,https://www.whiteoakwildlife.org/,2029-03-31,False,Related Facility
