name,city
Abilene Zoological Gardens,Abilene
Adventure Aquarium,Camden
Africam Safari Park,Puebla
Akron Zoological Park,Akron
Al Ain Zoo,Al Ain
Alaska SeaLife Center,Seward
Albuquerque Biological Park,Albuquerque
Aquarium of Niagara,Niagara Falls
Aquarium of the Pacific,Long Beach
Arizona-Sonora Desert Museum,Tucson
Assiniboine Park Zoo,Winnipeg
Atlantis Dubai,Dubai
"Atlantis, Paradise Island",Nassau
Audubon Aquarium & Insectarium,New Orleans
Audubon Zoo,New Orleans
Bailey-Matthews National Shell Museum & Aquarium,Sanibel
Baylor University Bear Habitat,Waco
"Bermuda Aquarium, Museum and Zoo",Hamilton
Binder Park Zoo,Battle Creek
Birch Aquarium at Scripps,La Jolla
Birmingham Zoo,Birmingham
Blank Park Zoo,Des Moines
Boonshoft Museum of Discovery,Dayton
Brandywine Zoo,Wilmington
BREC's Baton Rouge Zoo,Baton Rouge
Brevard Zoo,Melbourne
Bronx Zoo/WCS,Bronx
Brookfield Zoo Chicago,Chicago
Brookgreen Gardens,Murrells Inlet
Buffalo Zoo,Buffalo
Busch Gardens Tampa Bay,
Butterfly House,
Butterfly Pavilion,
Buttonwood Park Zoo,
Cabrillo Marine Aquarium,
Caldwell Zoo,
California Science Center,
Cameron Park Zoo,
Cape May County Park Zoo,
Capron Park Zoo,
Central Coast Zoo,
Central Florida Zoo & Botanical Gardens,
Central Park Zoo,
Chattanooga Zoo at Warner Park,
Cheyenne Mountain Zoological Park,
Cincinnati Zoo and Botanical Garden,
Cleveland Metroparks Zoo,
Clyde Peeling's Reptiland,
Columbus Zoo & Aquarium,
Como Park Zoo and Conservatory,
Connecticut's Beardsley Zoo,
Cosley Zoo,
CuriOdyssey,
Dakota Zoo,
Dallas World Aquarium,
Dallas Zoo,
David Traylor Zoo of Emporia,
Denver Zoo Conservation Alliance,
Detroit Zoological Society,
Dickerson Park Zoo,
Discovery Cove,
Disney's Animal Kingdom,
Dolphin Discovery Cozumel,
Dolphin Discovery Isla Mujeres,
Elmwood Park Zoo,
Emirates Park Zoo,
Everland Zoo,
The Florida Aquarium,
Fort Wayne Zoo,
Fort Worth Zoo,
Fossil Rim Wildlife Center,
Franklin Park Zoo,
Fresno Chaffee Zoo,
Fundación Temaikèn,
Georgia Aquarium,
Gladys Porter Zoo,
Great Plains Zoo,
Greensboro Science Center,
Greenville Zoo,
Grizzly & Wolf Discovery Center,
Happy Hollow Park & Zoo,
Hattiesburg Zoo,
Henry Vilas Zoo,
High Desert Museum,
Honolulu Zoo,
Houston Zoo,
Hutchinson Zoo,
Idaho Falls Zoo at Tautphaus Park,
"Indianapolis Zoological Society, Inc.",
International Crane Foundation,
Jacksonville Zoo and Botanical Gardens,
Jenkinson's Aquarium,
John Ball Zoo,
John G. Shedd Aquarium,
Johnny Morris' Wonders of Wildlife National Museum & Aquarium,
Kansas City Zoo & Aquarium,
Lake Superior Zoo,
Landry's Downtown Aquarium - Denver,
"Landry's Houston Aquarium, Inc.",
Lee G. Simmons Conservation Park & Wildlife Safari,
Lee Richardson Zoo,
Lehigh Valley Zoo,
Lincoln Children's Zoo,
Lincoln Park Zoo,
Lion Country Safari,
Little Rock Zoological Gardens,
The Living Desert Zoo and Gardens,
Longneck Manor,
Los Angeles Zoo,
Louisville Zoological Garden,
Loveland Living Planet Aquarium,
Marineland,
"The Maritime Aquarium at Norwalk, Inc.",
Maryland Zoo in Baltimore,
Memphis Zoo,
"Mesker Park Zoo & Botanic Garden, Inc.",
Miller Park Zoo,
Milwaukee County Zoological Gardens,
Minnesota Zoological Garden,
Monterey Bay Aquarium,
Montréal Biodôme,
Moody Gardens Rainforest and Aquarium,
Mote Marine Laboratory and Aquarium,
Museum of Life and Science,
Museum of Science,
Mystic Aquarium,
Naples Zoo,
Nashville Zoo,
National Aquarium,
National Aviary,
National Mississippi River Museum & Aquarium,
New England Aquarium,
New York Aquarium,
Newport Aquarium,
North Carolina Aquarium at Fort Fisher,
North Carolina Aquarium at Pine Knoll Shores,
North Carolina Aquarium on Roanoke Island,
North Carolina Zoo,
Northeastern Wisconsin (NEW) Zoo,
Northwest Trek Wildlife Park,
Oakland Zoo,
Oceanogràfic Valencia,
Ocean Park Corporation,
OdySea Aquarium,
Oglebay's Good Zoo,
Oklahoma City Zoo and Botanical Garden,
Omaha's Henry Doorly Zoo & Aquarium,
Oregon Coast Aquarium,
Oregon Zoo,
Palm Beach Zoo & Conservation Center,
Palo Alto Junior Museum & Zoo,
Parc Omega,
Peoria Zoo,
Philadelphia Zoo,
The Phoenix Zoo,
Pittsburgh Zoo & Aquarium,
Point Defiance Zoo and Aquarium,
Potawatomi Zoo,
Potter Park Zoological Gardens,
Prospect Park Zoo,
Pueblo Zoo,
Queens Zoo,
Racine Zoo,
Red River Zoo,
Reid Park Zoo,
Ripley's Aquarium of Myrtle Beach,
Ripley's Aquarium of Canada,
Ripley's Aquarium of the Smokies,
Riverbanks Zoo and Garden,
Roger Williams Park Zoo,
Rolling Hills Zoo,
Roosevelt Park Zoo,
Rosamond Gifford Zoo at Burnet Park,
Sacramento Zoo,
Saginaw Children's Zoo,
Saint Louis Zoo,
San Antonio Zoological Society,
San Diego Zoo,
San Diego Zoo Safari Park,
San Francisco Zoological Gardens,
Santa Ana Zoo,
Santa Barbara Zoo,
Santa Fe College Teaching Zoo,
Scovill Zoo,
SEA LIFE Aquarium at LEGOLAND California Resort,
SEA LIFE Arizona Aquarium,
SEA LIFE Charlotte-Concord Aquarium,
SEA LIFE Grapevine Aquarium,
SEA LIFE Kansas City Aquarium,
SEA LIFE Michigan Aquarium,
SEA LIFE Orlando Aquarium,
The Seas,
Seattle Aquarium,
SeaWorld®Orlando,
SeaWorld®San Antonio,
SeaWorld®San Diego,
"SeaWorld®Yas Island, Abu Dhabi",
Sedgwick County Zoo,
Seneca Park Zoo,
Seoul Zoo,
Sequoia Park Zoo,
Shark Reef Aquarium at Mandalay Bay,
Singapore Oceanarium,
Smithsonian's National Zoo and Conservation Biology Institute,
South Carolina Aquarium,
St. Augustine Alligator Farm,
Staten Island Zoo,
Steinhart Aquarium,
Sunset Zoological Park,
Tennessee Aquarium,
Texas State Aquarium,
Toledo Zoological Gardens,
Topeka Zoo and Conservation Center,
Toronto Zoo,
Tracy Aviary,
Trevor-Lovejoy Zoo,
Tulsa Zoo,
Turtle Back Zoo,
Utah's Hogle Zoo,
Utica Zoo,
Vancouver Aquarium,
Virginia Aquarium and Marine Science Center,
Virginia Living Museum,
Virginia Zoological Park,
Walter D. Stone Memorial Zoo,
Western North Carolina Nature Center,
Wilder Institute's Calgary Zoo,
Wildlife Safari,
The Wilds,
Woodland Park Zoo,
Zoo Atlanta,
Zoo Boise,
Zoo de Granby,
Zoo Knoxville,
Zoo Miami,
ZooAmerica North American Wildlife Park,
Zoológico de Cali,
Zoológico Guadalajara,
ZooMontana,
ZooTampa at Lowry Park,
B. Bryan Preserve,
Colorado Wolf & Wildlife Center,
Duke University Lemur Center,
Elephant Sanctuary in Tennessee,
Endangered Wolf Center,
Freeport-McMoRan Audubon Species Survival Center,
Lemur Conservation Foundation,
Lubee Bat Conservancy,
Pinola Conservancy,
"Steve Martin's Natural Encounters, Inc.",
Turtle Conservancy,
Turtle Survival Center,
White Oak Conservation Center,
